<?xml version="1.0" encoding="UTF-8"?>
<project-private xmlns="http://www.netbeans.org/ns/project-private/1">
    <editor-bookmarks xmlns="http://www.netbeans.org/ns/editor-bookmarks/2" lastBookmarkId="0"/>
    <open-files xmlns="http://www.netbeans.org/ns/projectui-open-files/2">
        <group>
            <file>file:/C:/Users/SARAVANAN/Documents/NetBeansProjects/payscale/src/payscale/Employee.java</file>
            <file>file:/C:/Users/SARAVANAN/Documents/NetBeansProjects/payscale/src/payscale/Professor.java</file>
            <file>file:/C:/Users/SARAVANAN/Documents/NetBeansProjects/payscale/src/payscale/Main.java</file>
            <file>file:/C:/Users/SARAVANAN/Documents/NetBeansProjects/payscale/src/payscale/AssistantProfessor.java</file>
            <file>file:/C:/Users/SARAVANAN/Documents/NetBeansProjects/payscale/src/payscale/Programmer.java</file>
            <file>file:/C:/Users/SARAVANAN/Documents/NetBeansProjects/payscale/src/payscale/AssociateProfessor.java</file>
        </group>
    </open-files>
</project-private>
