<?xml version="1.0" encoding="UTF-8"?>
<project-private xmlns="http://www.netbeans.org/ns/project-private/1">
    <editor-bookmarks xmlns="http://www.netbeans.org/ns/editor-bookmarks/2" lastBookmarkId="0"/>
    <open-files xmlns="http://www.netbeans.org/ns/projectui-open-files/2">
        <group>
            <file>file:/C:/Users/SARAVANAN/Documents/NetBeansProjects/threading/src/threading/SquareGenThread.java</file>
            <file>file:/C:/Users/SARAVANAN/Documents/NetBeansProjects/threading/src/threading/CubeGenThread.java</file>
            <file>file:/C:/Users/SARAVANAN/Documents/NetBeansProjects/threading/src/threading/RandomNumberThread.java</file>
            <file>file:/C:/Users/SARAVANAN/Documents/NetBeansProjects/threading/src/threading/Main.java</file>
        </group>
    </open-files>
</project-private>
